SKU ID,SKU Name
1009AA,Product 001
1077CA,Product 002
1083AA,Product 003
1116CA,Product 004
1126CA,Product 005
1130AA,Product 006
1145BA,Product 007
1161AA,Product 008
1163CA,Product 009
1193BA,Product 010
1196AA,Product 011
1206BA,Product 012
1214CA,Product 013
1224AA,Product 014
1234BA,Product 015
1244AA,Product 016
1255CA,Product 017
1265CA,Product 018
1266CA,Product 019
1281BA,Product 020
1283CA,Product 021
1295CA,Product 022
1296CA,Product 023
1308BA,Product 024
1315BA,Product 025
1317BA,Product 026
1317CA,Product 027
1321BA,Product 028
1325AA,Product 029
1326AA,Product 030
1330CA,Product 031
1366BA,Product 032
1367CA,Product 033
1373BA,Product 034
1374CA,Product 035
1379CA,Product 036
1382CA,Product 037
1385CA,Product 038
1390BA,Product 039
1403CA,Product 040
1420CA,Product 041
1434BA,Product 042
1436BA,Product 043
1441AA,Product 044
1445BA,Product 045
1464AA,Product 046
1468AA,Product 047
1479CA,Product 048
1484BA,Product 049
1486CA,Product 050
1488BA,Product 051
1488CA,Product 052
1491CA,Product 053
1497CA,Product 054
1499AA,Product 055
1499CA,Product 056
1511CA,Product 057
1514BA,Product 058
1571AA,Product 059
1582CA,Product 060
1584BA,Product 061
1586CA,Product 062
1601AA,Product 063
1624AA,Product 064
1624CA,Product 065
1630BA,Product 066
1650AA,Product 067
1668CA,Product 068
1672AA,Product 069
1678CA,Product 070
1681CA,Product 071
1688CA,Product 072
1695CA,Product 073
1698CA,Product 074
1708AA,Product 075
1712AA,Product 076
1716AA,Product 077
1741BA,Product 078
1745BA,Product 079
1764AA,Product 080
1766CA,Product 081
1767CA,Product 082
1798AA,Product 083
1801AA,Product 084
1811CA,Product 085
1819AA,Product 086
1826AA,Product 087
1827AA,Product 088
1830AA,Product 089
1842BA,Product 090
1851CA,Product 091
1857AA,Product 092
1872CA,Product 093
1876AA,Product 094
1882CA,Product 095
1902BA,Product 096
1906CA,Product 097
1907AA,Product 098
1908AA,Product 099
1921AA,Product 100
1945AA,Product 101
1947CA,Product 102
1953AA,Product 103
1956AA,Product 104
1956CA,Product 105
1964BA,Product 106
1967BA,Product 107
1970CA,Product 108
1971AA,Product 109
1979AA,Product 110
1990AA,Product 111
1992AA,Product 112
1993AA,Product 113
1994AA,Product 114
1995AA,Product 115
2013AA,Product 116
2016CA,Product 117
2021CA,Product 118
2025AA,Product 119
2039CA,Product 120
2041CA,Product 121
2044CA,Product 122
2053BA,Product 123
2054AA,Product 124
2054CA,Product 125
2060AA,Product 126
2066AA,Product 127
2078CA,Product 128
2096AA,Product 129
2096BA,Product 130
2115CA,Product 131
2117BA,Product 132
2139BA,Product 133
2142CA,Product 134
2143AA,Product 135
2170BA,Product 136
2173CA,Product 137
2189CA,Product 138
2200CA,Product 139
2212AA,Product 140
2212CA,Product 141
2220BA,Product 142
2223AA,Product 143
2227AA,Product 144
2229AA,Product 145
2229CA,Product 146
2234AA,Product 147
2236CA,Product 148
2255CA,Product 149
2265BA,Product 150
2267CA,Product 151
2277AA,Product 152
2291AA,Product 153
2293AA,Product 154
2315BA,Product 155
2317CA,Product 156
2326CA,Product 157
2331CA,Product 158
2336BA,Product 159
2337CA,Product 160
2342CA,Product 161
2348BA,Product 162
2359CA,Product 163
2365AA,Product 164
2371CA,Product 165
2391CA,Product 166
2396CA,Product 167
2418CA,Product 168
2422BA,Product 169
2429BA,Product 170
2449CA,Product 171
2458CA,Product 172
2471CA,Product 173
2473CA,Product 174
2483BA,Product 175
2484BA,Product 176
2487BA,Product 177
2488CA,Product 178
2498BA,Product 179
2498CA,Product 180
2501CA,Product 181
2508BA,Product 182
2513CA,Product 183
2515BA,Product 184
2524AA,Product 185
2528CA,Product 186
2539AA,Product 187
2548CA,Product 188
2555CA,Product 189
2564BA,Product 190
2565CA,Product 191
2573CA,Product 192
2600BA,Product 193
2604CA,Product 194
2606AA,Product 195
2621AA,Product 196
2632AA,Product 197
2640BA,Product 198
2646AA,Product 199
2661CA,Product 200
2662CA,Product 201
2670CA,Product 202
2672BA,Product 203
2673BA,Product 204
2680BA,Product 205
2714CA,Product 206
2727CA,Product 207
2729AA,Product 208
2752AA,Product 209
2763CA,Product 210
2766AA,Product 211
2767AA,Product 212
2785BA,Product 213
2803BA,Product 214
2814BA,Product 215
2840AA,Product 216
2847BA,Product 217
2867AA,Product 218
2876CA,Product 219
2884AA,Product 220
2895CA,Product 221
2923CA,Product 222
2925CA,Product 223
2930CA,Product 224
2935BA,Product 225
2938CA,Product 226
2953BA,Product 227
2953CA,Product 228
2956AA,Product 229
2970CA,Product 230
2977BA,Product 231
2982AA,Product 232
2987AA,Product 233
2988AA,Product 234
2994CA,Product 235
3003AA,Product 236
3006CA,Product 237
3007CA,Product 238
3016BA,Product 239
3025CA,Product 240
3027CA,Product 241
3038BA,Product 242
3044AA,Product 243
3053AA,Product 244
3075AA,Product 245
3075BA,Product 246
3079BA,Product 247
3084CA,Product 248
3098AA,Product 249
3120BA,Product 250
3125AA,Product 251
3126BA,Product 252
3132BA,Product 253
3138CA,Product 254
3143CA,Product 255
3160BA,Product 256
3161BA,Product 257
3177CA,Product 258
3178CA,Product 259
3180BA,Product 260
3193AA,Product 261
3205AA,Product 262
3239AA,Product 263
3249CA,Product 264
3250CA,Product 265
3264CA,Product 266
3271CA,Product 267
3274CA,Product 268
3276AA,Product 269
3291CA,Product 270
3296AA,Product 271
3299CA,Product 272
3300CA,Product 273
3312AA,Product 274
3322AA,Product 275
3332CA,Product 276
3345AA,Product 277
3358BA,Product 278
3365CA,Product 279
3378CA,Product 280
3399AA,Product 281
3404CA,Product 282
3407CA,Product 283
3413AA,Product 284
3420AA,Product 285
3423CA,Product 286
3448CA,Product 287
3461CA,Product 288
3462AA,Product 289
3494AA,Product 290
3495CA,Product 291
3502BA,Product 292
3512AA,Product 293
3533CA,Product 294
3551CA,Product 295
3556AA,Product 296
3570CA,Product 297
3576BA,Product 298
3579CA,Product 299
3590BA,Product 300
3610AA,Product 301
3616CA,Product 302
3619CA,Product 303
